Date,ACOPF,ATVI,BAM,BOOM,BTC-USD,CAR,CMCSA,CMG,CVE,DIS,DKS,DOGE-USD,DOLE,DSHK,ETH-USD,FUN,GME,GO,GOLF,HEMP,K,LOGI,LUV,MODG,MPC,MSFT,MWA,NCBDY,NDLS,NKE,NOC,NTDOY,NTES,NVDA,PLBY,RBLX,SEAS,SFY,SIX,SONY,SPCE,TOYOF,WOOF,YUM
2022-12-01,4.2779998779296875,75.19000244140625,31.698379516601562,18.639999389648438,16967.1328125,218.57000732421875,35.725223541259766,1625.8299560546875,19.480545043945312,98.58999633789062,116.2284164428711,0.10158400237560272,10.307765007019043,0.4399999976158142,1276.27392578125,41.166561126708984,26.600000381469727,30.56999969482422,46.18169403076172,0.00039999998989515007,72.56026458740234,61.88999938964844,39.661746978759766,21.5,119.52903747558594,254.0536651611328,11.63840103149414,10.896666526794434,5.619999885559082,110.45504760742188,528.3736572265625,10.579999923706055,68.03010559082031,171.32090759277344,3.7100000381469727,33.38999938964844,56.86000061035156,14.257844924926758,24.030000686645508,83.94000244140625,5.199999809265137,14.760000228881836,11.09000015258789,128.5980682373047
2022-12-02,4.420000076293945,75.76000213623047,32.698856353759766,18.469999313354492,17088.66015625,217.27999877929688,35.3116455078125,1604.8800048828125,19.768043518066406,99.43000030517578,117.88019561767578,0.10214799642562866,10.26834774017334,0.49000000953674316,1294.3033447265625,40.7790412902832,27.520000457763672,30.649999618530273,46.69969177246094,0.0005000000237487257,73.18476867675781,62.7400016784668,39.33518981933594,22.020000457763672,117.54069519042969,254.38284301757812,11.698136329650879,10.783332824707031,5.539999961853027,111.8809814453125,543.6181030273438,10.5600004196167,70.67156982421875,168.73133850097656,4.260000228881836,33.9900016784668,56.63999938964844,14.218184471130371,23.81999969482422,82.79000091552734,5.139999866485596,14.640000343322754,11.210000038146973,129.0858154296875
2022-12-05,4.420000076293945,76.33000183105469,32.6295166015625,17.5,16974.826171875,196.4499969482422,34.61250305175781,1570.6099853515625,18.994770050048828,95.93000030517578,113.97328186035156,0.10147400200366974,10.219074249267578,0.5099999904632568,1259.6767578125,39.74565505981445,25.559999465942383,29.5,46.191650390625,0.00039999998989515007,72.7089614868164,61.31999969482422,39.087799072265625,21.549999237060547,111.79438781738281,249.57489013671875,11.538843154907227,10.748000144958496,5.440000057220459,109.3083267211914,539.4632568359375,10.34000015258789,68.79762268066406,166.07179260253906,4.119999885559082,31.239999771118164,55.540000915527344,13.930648803710938,22.969999313354492,81.61000061035156,5.119999885559082,14.260000228881836,10.979999542236328,130.3101806640625
2022-12-06,4.420000076293945,76.11000061035156,31.698379516601562,16.959999084472656,17089.50390625,194.07000732421875,34.238311767578125,1508.4000244140625,18.27106475830078,92.29000091552734,115.29866027832031,0.10027799755334854,10.258492469787598,0.47999998927116394,1271.65380859375,39.57673645019531,23.389999389648438,29.540000915527344,46.351036071777344,0.00039999998989515007,72.43140411376953,59.97999954223633,39.26591873168945,21.8700008392334,108.65281677246094,244.507568359375,11.3297700881958,10.75333309173584,5.159999847412109,107.62313079833984,529.8782348632812,10.430000305175781,67.990234375,159.8428497314453,4.300000190734863,30.649999618530273,55.08000183105469,13.712516784667969,22.260000228881836,79.47000122070312,4.619999885559082,14.069999694824219,10.239999771118164,130.02149963378906
2022-12-07,4.260000228881836,75.93000030517578,32.698856353759766,16.799999237060547,16848.126953125,189.94000244140625,34.090606689453125,1509.4599609375,18.132272720336914,92.1500015258789,117.20761108398438,0.09578300267457962,10.051548957824707,0.49000000953674316,1232.4375,39.37800979614258,22.260000228881836,28.600000381469727,47.5563850402832,0.0005000000237487257,73.2442398071289,59.56999969482422,37.415435791015625,22.110000610351562,108.364501953125,243.7594451904297,11.399460792541504,10.609999656677246,5.119999885559082,108.02198791503906,538.2477416992188,10.510000228881836,68.17961883544922,161.17262268066406,3.8499999046325684,30.770000457763672,52.849998474121094,13.672856330871582,20.93000030517578,79.04000091552734,4.579999923706055,14.149999618530273,10.270000457763672,127.68228149414062
2022-12-08,4.300000190734863,74.76000213623047,31.698379516601562,16.90999984741211,17233.474609375,185.99000549316406,34.43525314331055,1531.0,17.864601135253906,92.55000305175781,121.0691146850586,0.09854000061750412,10.258492469787598,0.5099999904632568,1281.1163330078125,39.42768859863281,24.790000915527344,28.639999389648438,48.21384811401367,0.00039999998989515007,72.81800079345703,60.18000030517578,37.09877395629883,22.209999084472656,108.21537780761719,246.78187561035156,11.479107856750488,10.729999542236328,5.070000171661377,111.04337310791016,538.58642578125,10.4399995803833,70.9805679321289,171.6608428955078,3.8499999046325684,31.93000030517578,53.38999938964844,13.781922340393066,20.979999542236328,79.19000244140625,4.679999828338623,14.220000267028809,10.59000015258789,129.25503540039062
2022-12-09,4.389999866485596,75.16000366210938,31.698379516601562,15.880000114440918,17133.15234375,182.5399932861328,34.779903411865234,1526.260009765625,17.56718635559082,93.37999725341797,118.44710540771484,0.0966619998216629,10.238784790039062,0.49000000953674316,1264.2847900390625,39.934444427490234,22.6299991607666,28.540000915527344,47.665958404541016,0.00039999998989515007,71.7077865600586,60.09000015258789,37.61334228515625,21.90999984741211,106.20716094970703,244.80682373046875,11.34968090057373,10.926667213439941,5.320000171661377,109.10888671875,527.0186157226562,10.390000343322754,69.94391632080078,169.9811248779297,3.9100000858306885,31.649999618530273,52.720001220703125,13.682771682739258,21.350000381469727,80.37999725341797,4.650000095367432,14.40999984741211,10.510000228881836,127.12483978271484
2022-12-12,4.414999961853027,77.36000061035156,32.09461212158203,15.989999771118164,17206.4375,188.0,35.961551666259766,1561.199951171875,17.676239013671875,94.66000366210938,121.5359115600586,0.09025800228118896,10.199366569519043,0.5,1274.6190185546875,40.19279479980469,22.670000076293945,29.559999465942383,47.28742218017578,0.0003000000142492354,73.39292907714844,61.0099983215332,38.53363800048828,21.989999771118164,110.5616226196289,251.8791046142578,11.508975982666016,10.886667251586914,5.380000114440918,111.75135803222656,533.2359619140625,10.34000015258789,69.12655639648438,175.3202362060547,4.010000228881836,33.31999969482422,53.9900016784668,13.861242294311523,21.8700008392334,80.18000030517578,4.769999980926514,14.369999885559082,10.579999923706055,129.04600524902344
2022-12-13,4.574999809265137,76.7300033569336,30.470067977905273,17.0,17781.318359375,189.4600067138672,36.14864730834961,1548.3199462890625,18.241321563720703,94.69999694824219,114.0572280883789,0.09093999862670898,10.465435981750488,0.47999998927116394,1320.5491943359375,40.063621520996094,21.0,29.709999084472656,47.16788101196289,0.00039999998989515007,73.01625061035156,62.779998779296875,37.375850677490234,21.850000381469727,110.4721450805664,256.2781066894531,11.60853385925293,10.920000076293945,5.519999980926514,112.52913665771484,523.6808471679688,10.390000343322754,69.76449584960938,180.68931579589844,3.9700000286102295,32.25,54.709999084472656,13.960392951965332,22.31999969482422,80.98999786376953,4.710000038146973,14.460000038146973,10.699999809265137,129.55364990234375
2022-12-14,4.699999809265137,77.04000091552734,29.221942901611328,16.979999542236328,17815.650390625,191.6300048828125,34.80944061279297,1538.2900390625,18.39862823486328,94.1500015258789,116.19257354736328,0.08851400017738342,10.16980266571045,0.23999999463558197,1309.3287353515625,39.785400390625,21.049999237060547,30.510000228881836,45.50430679321289,0.0003000000142492354,73.07572937011719,61.900001525878906,37.74198913574219,21.579999923706055,110.29319763183594,256.5773620605469,11.439284324645996,10.770000457763672,5.440000057220459,111.13311767578125,529.8483276367188,10.489999771118164,72.74486541748047,176.70999145507812,4.050000190734863,33.130001068115234,54.11000061035156,13.881072998046875,21.950000762939453,81.2300033569336,4.579999923706055,14.479999542236328,10.579999923706055,130.61875915527344
2022-12-15,4.599999904632568,76.37000274658203,28.211557388305664,16.59000015258789,17364.865234375,185.22000122070312,34.08076095581055,1487.530029296875,18.12981605529785,90.48999786376953,112.78595733642578,0.08472199738025665,10.030762672424316,0.1899999976158142,1266.3538818359375,39.467437744140625,20.579999923706055,29.649999618530273,45.006229400634766,0.0003000000142492354,71.87630462646484,60.849998474121094,36.90085983276367,20.920000076293945,110.22360229492188,248.3878631591797,11.080873489379883,10.560999870300293,5.440000057220459,108.20147705078125,526.5702514648438,10.239999771118164,71.07028198242188,169.4912109375,3.555000066757202,27.90999984741211,54.15999984741211,13.543960571289062,21.43000030517578,78.66999816894531,4.269999980926514,14.130000114440918,10.069999694824219,129.85227966308594
2022-12-16,4.400000095367432,76.08000183105469,26.85447120666504,16.139999389648438,16647.484375,177.0399932861328,33.96259689331055,1462.1099853515625,17.62206268310547,90.08000183105469,111.05781555175781,0.07594200223684311,9.901654243469238,0.2199999988079071,1168.2593994140625,38.851375579833984,20.799999237060547,30.40999984741211,43.930381774902344,0.00039999998989515007,70.66696166992188,58.5099983215332,36.89096450805664,20.469999313354492,109.1101303100586,244.0786590576172,10.861844062805176,10.653332710266113,5.449999809265137,105.64875030517578,527.9452514648438,10.140000343322754,71.07028198242188,165.68186950683594,3.5399999618530273,27.6200008392334,54.220001220703125,13.375405311584473,21.3700008392334,78.37000274658203,4.110000133514404,14.079999923706055,9.760000228881836,128.77723693847656
2022-12-19,4.409999847412109,75.98999786376953,27.745988845825195,15.59000015258789,16439.6796875,172.0800018310547,33.460391998291016,1414.97998046875,17.741533279418945,85.77999877929688,109.4786605834961,0.07142899930477142,9.663298606872559,0.2199999988079071,1167.60986328125,37.94716262817383,19.920000076293945,29.190000534057617,43.01392364501953,0.00039999998989515007,70.88504028320312,58.4900016784668,35.97066879272461,19.850000381469727,110.42243957519531,239.8492431640625,10.841933250427246,10.53833293914795,5.21999979019165,102.75700378417969,530.5856323242188,10.149999618530273,70.73136901855469,162.51239013671875,3.2249999046325684,27.190000534057617,52.41999816894531,13.246509552001953,20.799999237060547,77.69000244140625,3.799999952316284,13.899999618530273,9.859999656677246,127.79177856445312
2022-12-20,4.269999980926514,75.87999725341797,29.083263397216797,15.899999618530273,16906.3046875,171.50999450683594,33.883819580078125,1428.3800048828125,18.289113998413086,87.0199966430664,108.0186767578125,0.07493499666452408,9.593778610229492,0.2199999988079071,1217.70361328125,38.235321044921875,20.260000228881836,29.739999771118164,42.35646057128906,0.00039999998989515007,70.35967254638672,59.220001220703125,36.010250091552734,19.84000015258789,112.35112762451172,241.1958770751953,10.792153358459473,10.5,5.0,102.91654968261719,527.6463623046875,10.420000076293945,69.48539733886719,160.82269287109375,3.180000066757202,27.579999923706055,52.630001068115234,13.246509552001953,20.920000076293945,77.5,3.6700000762939453,13.890000343322754,9.34000015258789,128.0008087158203
2022-12-21,4.579999923706055,75.88999938964844,27.9341983795166,15.890000343322754,16817.53515625,167.32000732421875,34.543575286865234,1425.18994140625,18.97607421875,86.91999816894531,111.44515991210938,0.07367900013923645,9.464670181274414,0.2199999988079071,1213.5999755859375,38.47379684448242,20.559999465942383,30.290000915527344,43.44226837158203,0.0003000000142492354,71.18241882324219,61.779998779296875,36.21805953979492,20.200000762939453,113.88214874267578,243.8192901611328,11.01118278503418,10.529999732971191,5.079999923706055,115.4508056640625,536.8328247070312,10.4399995803833,72.047119140625,164.9819793701172,3.0299999713897705,28.09000015258789,54.15999984741211,13.45472526550293,23.3799991607666,77.41999816894531,3.759999990463257,13.760000228881836,9.220000267028809,128.18994140625
2022-12-22,4.570000171661377,75.69999694824219,27.78561019897461,16.469999313354492,16830.341796875,155.6999969482422,34.28754806518555,1407.800048828125,18.36876106262207,86.66999816894531,108.09812927246094,0.07696700096130371,9.583847045898438,0.20999999344348907,1218.18212890625,38.31481170654297,19.809999465942383,29.329999923706055,43.223114013671875,0.0003000000142492354,71.04364013671875,61.040000915527344,35.0899543762207,19.829999923706055,110.99905395507812,237.5948944091797,10.662727355957031,10.40666675567627,5.0,116.37815856933594,529.4398193359375,10.489999771118164,71.94744110107422,153.36395263671875,2.75,26.43000030517578,52.290000915527344,13.216764450073242,22.68000030517578,76.7699966430664,3.700000047683716,13.729999542236328,9.0,128.22976684570312
2022-12-23,4.570000171661377,75.94999694824219,27.775705337524414,17.350000381469727,16796.953125,161.41000366210938,34.60265350341797,1412.3599853515625,19.215017318725586,88.01000213623047,110.34272766113281,0.07712899893522263,9.712956428527832,0.20000000298023224,1220.159423828125,39.666160583496094,20.079999923706055,29.709999084472656,43.1135368347168,0.00039999998989515007,71.54918670654297,61.630001068115234,35.713382720947266,19.719999313354492,114.4488296508789,238.133544921875,10.732418060302734,10.444999694824219,5.159999847412109,115.91947174072266,532.8274536132812,10.520000457763672,70.86094665527344,152.0341796875,2.9100000858306885,26.75,54.29999923706055,13.305999755859375,23.079999923706055,76.94000244140625,3.6500000953674316,13.640000343322754,9.3100004196167,128.30938720703125
2022-12-27,4.5,75.79000091552734,28.66722297668457,18.40999984741211,16717.173828125,156.38999938964844,34.46479797363281,1398.0,19.603300094604492,86.37000274658203,117.45392608642578,0.07372400164604187,9.772544860839844,0.23000000417232513,1212.7916259765625,39.487308502197266,18.200000762939453,28.729999542236328,42.97407531738281,0.0003000000142492354,72.03490447998047,61.689998626708984,33.585819244384766,19.43000030517578,116.138916015625,236.36798095703125,10.871800422668457,10.38266658782959,5.409999847412109,117.22574615478516,539.22412109375,10.40999984741211,72.90435028076172,141.18601989746094,2.6500000953674316,26.329999923706055,53.02000045776367,13.199999809265137,22.850000381469727,75.54000091552734,3.2899999618530273,13.670000076293945,9.09000015258789,129.30479431152344
2022-12-28,4.610000133514404,76.05000305175781,27.8747615814209,18.56999969482422,16552.572265625,158.22999572753906,34.090606689453125,1378.280029296875,18.707263946533203,84.16999816894531,114.19628143310547,0.07038100063800812,9.693093299865723,0.23000000417232513,1189.986083984375,39.735721588134766,17.920000076293945,29.040000915527344,42.23692321777344,0.0003000000142492354,71.09320831298828,60.900001525878906,31.85407829284668,18.950000762939453,113.8523178100586,233.94403076171875,10.622903823852539,10.183333396911621,5.440000057220459,114.65308380126953,538.4469604492188,10.369999885559082,71.43907928466797,140.33616638183594,2.549999952316284,26.15999984741211,50.880001068115234,13.0600004196167,22.670000076293945,74.8499984741211,3.319999933242798,13.40999984741211,9.010000228881836,128.71751403808594
2022-12-29,4.679999828338623,76.76000213623047,29.004018783569336,20.06999969482422,16642.341796875,162.6999969482422,34.51403045654297,1404.949951171875,19.215017318725586,87.18000030517578,117.64262390136719,0.071042001247406,9.732819557189941,0.20999999344348907,1201.5953369140625,40.232540130615234,18.329999923706055,29.31999969482422,43.02388381958008,0.00039999998989515007,70.84539031982422,62.560001373291016,33.03166580200195,19.510000228881836,115.50264739990234,240.4078369140625,10.802109718322754,10.44333267211914,5.5,117.01634216308594,540.0311889648438,10.529999732971191,72.91431427001953,146.0052032470703,2.6500000953674316,27.09000015258789,52.5099983215332,13.300000190734863,23.079999923706055,76.69000244140625,3.4200000762939453,13.720000267028809,9.420000076293945,129.39439392089844
2022-12-30,4.550000190734863,76.55000305175781,28.39976692199707,19.440000534057617,16602.5859375,163.92999267578125,34.43525314331055,1387.489990234375,19.324533462524414,86.87999725341797,119.47008514404297,0.06840399652719498,9.583847045898438,0.17000000178813934,1199.2327880859375,41.07713317871094,18.459999084472656,29.190000534057617,42.29669189453125,0.00039999998989515007,70.61740112304688,62.25,33.318634033203125,19.75,115.71141815185547,239.2208251953125,10.712506294250488,10.286666870117188,5.489999771118164,116.67731475830078,543.6280517578125,10.420000076293945,72.39598846435547,146.1151885986328,2.75,28.459999084472656,53.5099983215332,13.289999961853027,23.25,76.27999877929688,3.4800000190734863,13.609999656677246,9.479999542236328,127.49314880371094
2023-01-03,4.550000190734863,76.87999725341797,28.19174575805664,17.739999771118164,16679.857421875,164.75,35.298614501953125,1371.1300048828125,18.169641494750977,88.97000122070312,119.74817657470703,0.0704680010676384,9.544121742248535,0.1899999976158142,1214.77880859375,41.06719970703125,17.200000762939453,28.690000534057617,42.61545944213867,0.0003000000142492354,70.64713287353516,62.810001373291016,32.25979995727539,19.690000534057617,110.27330780029297,238.98143005371094,10.782196998596191,10.359999656677246,5.53000020980835,118.41236114501953,538.3672485351562,10.5,76.20368194580078,143.1256866455078,2.680000066757202,27.850000381469727,54.56999969482422,13.170000076293945,24.540000915527344,76.6500015258789,3.490000009536743,13.84000015258789,9.199999809265137,126.37828063964844
2023-01-04,4.800000190734863,76.83999633789062,29.39034080505371,18.020000457763672,16863.23828125,169.16000366210938,36.31083297729492,1376.050048828125,18.050168991088867,91.9800033569336,123.02568817138672,0.07323700189590454,9.812271118164062,0.1899999976158142,1256.526611328125,41.673316955566406,17.31999969482422,28.850000381469727,43.59169006347656,0.00039999998989515007,70.11186218261719,63.65999984741211,33.26915740966797,20.270000457763672,109.93529510498047,228.52761840820312,10.91162395477295,10.283332824707031,5.679999828338623,120.86536407470703,524.5377197265625,10.369999885559082,82.30396270751953,147.4649658203125,2.819999933242798,29.040000915527344,57.08000183105469,13.3100004196167,25.479999542236328,77.80000305175781,3.640000104904175,13.819999694824219,9.770000457763672,128.09039306640625
2023-01-05,4.800000190734863,76.95999908447266,29.241756439208984,18.280000686645508,16836.736328125,168.85000610351562,36.69785690307617,1364.1600341796875,18.309024810791016,91.91999816894531,124.18770599365234,0.07154999673366547,9.742751121520996,0.20000000298023224,1250.4385986328125,41.91179275512695,16.219999313354492,28.31999969482422,42.78480911254883,0.0003000000142492354,70.04247283935547,64.05000305175781,33.18009567260742,20.31999969482422,115.05526733398438,221.7545623779297,10.831976890563965,10.153332710266113,5.610000133514404,120.27704620361328,526.6001586914062,10.300000190734863,81.79560852050781,142.62576293945312,2.759999990463257,29.979999542236328,57.099998474121094,13.15999984741211,25.790000915527344,77.5,3.6600000858306885,13.699999809265137,9.4399995803833,127.11488342285156
2023-01-06,4.800000190734863,77.58999633789062,29.499305725097656,19.010000228881836,16951.96875,166.3000030517578,37.600914001464844,1402.06005859375,18.796865463256836,93.91999816894531,127.20699310302734,0.07247000187635422,9.851996421813965,0.18000000715255737,1269.3790283203125,42.64708709716797,16.459999084472656,28.719999313354492,43.16334915161133,0.00039999998989515007,71.81682586669922,66.0,34.713924407958984,20.6200008392334,116.138916015625,224.36801147460938,11.200343132019043,10.268667221069336,5.659999847412109,124.1759262084961,519.5259399414062,10.420000076293945,81.24738311767578,148.56475830078125,2.700000047683716,28.8799991607666,59.84000015258789,13.460000038146973,25.790000915527344,81.38999938964844,3.690000057220459,13.729999542236328,9.890000343322754,129.69300842285156
2023-01-09,4.702000141143799,77.22000122070312,30.697898864746094,19.190000534057617,17196.5546875,167.83999633789062,37.26350784301758,1446.739990234375,18.926294326782227,94.7699966430664,127.49500274658203,0.07578399777412415,9.851996421813965,0.20000000298023224,1321.5389404296875,42.835880279541016,16.3799991607666,28.440000534057617,43.48211669921875,0.0003000000142492354,70.75617218017578,66.19999694824219,35.420135498046875,20.760000228881836,115.08509826660156,226.55255126953125,11.29990291595459,10.350000381469727,5.670000076293945,124.4950180053711,493.6104431152344,10.460000038146973,79.26378631591797,156.2534637451172,2.5799999237060547,30.770000457763672,57.959999084472656,13.470000267028809,26.100000381469727,82.62000274658203,3.9100000858306885,14.369999885559082,10.119999885559082,129.1654510498047
2023-01-10,4.78000020980835,77.69000244140625,29.925251007080078,19.81999969482422,17446.29296875,171.6699981689453,37.59099197387695,1451.4300537109375,18.65748405456543,95.55999755859375,127.60425567626953,0.0777290016412735,9.822202682495117,0.1899999976158142,1336.5860595703125,42.20988464355469,17.770000457763672,29.639999389648438,43.57176971435547,0.0003000000142492354,70.13168334960938,67.19999694824219,36.016937255859375,21.020000457763672,115.8207778930664,228.27822875976562,11.459196090698242,10.34000015258789,5.670000076293945,125.4822006225586,493.9890441894531,10.350000381469727,82.33386993408203,159.06298828125,2.5,32.0099983215332,57.970001220703125,13.579999923706055,25.239999771118164,82.08000183105469,4.03000020980835,14.010000228881836,10.34000015258789,128.80709838867188
2023-01-11,4.815000057220459,77.0,30.2125186920166,20.540000915527344,17934.896484375,182.0,37.660457611083984,1479.2099609375,18.36876106262207,96.33000183105469,126.56141662597656,0.07815299928188324,9.832133293151855,0.1899999976158142,1387.9327392578125,42.17013931274414,19.040000915527344,29.530000686645508,44.069847106933594,0.0003000000142492354,70.2010726928711,68.1500015258789,35.77821731567383,21.200000762939453,116.91436004638672,235.18093872070312,11.947032928466797,10.30666732788086,6.019999980926514,127.57623291015625,491.1394348144531,10.239999771118164,83.82903289794922,159.98281860351562,2.5399999618530273,32.900001525878906,55.77000045776367,13.739999771118164,24.940000534057617,84.29000091552734,4.289999961853027,13.890000343322754,10.6899995803833,129.0957794189453
2023-01-12,4.795000076293945,76.9000015258789,30.67808723449707,21.989999771118164,18869.587890625,189.33999633789062,38.39480972290039,1512.469970703125,19.224973678588867,99.80999755859375,127.72344970703125,0.08028600364923477,10.13007640838623,0.20999999344348907,1417.9384765625,41.89192199707031,20.6299991607666,29.600000381469727,46.978614807128906,0.0003000000142492354,69.62613677978516,56.65999984741211,36.772884368896484,22.270000457763672,120.30448913574219,237.91409301757812,12.046591758728027,10.484999656677246,6.139999866485596,127.52637481689453,486.2074279785156,10.390000343322754,84.9952621459961,165.08197021484375,2.759999990463257,33.18000030517578,57.040000915527344,13.819999694824219,26.059999465942383,86.06999969482422,4.619999885559082,14.260000228881836,10.569999694824219,128.2994384765625
2023-01-13,4.769999980926514,76.66000366210938,31.58941650390625,21.809999465942383,19909.57421875,190.89999389648438,38.63298034667969,1524.5699462890625,19.244884490966797,99.4000015258789,127.7730941772461,0.08443800359964371,10.24925422668457,0.20999999344348907,1451.6148681640625,41.64350891113281,20.489999771118164,29.719999313354492,47.426883697509766,0.0003000000142492354,69.38823699951172,54.7400016784668,36.792781829833984,22.459999084472656,121.21912384033203,238.63229370117188,12.245709419250488,10.33666706085205,6.230000019073486,128.48365783691406,459.75384521484375,10.449999809265137,88.07530975341797,168.9613037109375,2.7799999713897705,33.209999084472656,58.34000015258789,13.880000114440918,26.420000076293945,85.75,5.190000057220459,14.0,10.359999656677246,129.6233367919922
2023-01-17,4.855000019073486,74.55999755859375,31.55970001220703,21.950000762939453,21161.51953125,194.52999877929688,38.64290237426758,1551.5400390625,19.075634002685547,99.91000366210938,125.8761215209961,0.08298200368881226,10.179734230041504,0.23000000417232513,1567.8460693359375,41.802494049072266,21.799999237060547,30.200000762939453,48.09430694580078,0.0003000000142492354,69.11068725585938,54.869998931884766,36.84251403808594,22.799999237060547,121.06005096435547,239.74951171875,12.126238822937012,10.516667366027832,6.190000057220459,127.77566528320312,453.9151611328125,10.760000228881836,88.77305603027344,176.9899444580078,3.049999952316284,37.119998931884766,58.459999084472656,13.880000114440918,26.34000015258789,86.76000213623047,5.590000152587891,14.489999771118164,10.770000457763672,129.7328338623047
2023-01-18,4.820000171661377,74.4800033569336,31.212997436523438,21.100000381469727,20688.78125,192.49000549316406,37.987937927246094,1512.0400390625,18.448408126831055,99.04000091552734,123.60173034667969,0.0801910012960434,10.070488929748535,0.2199999988079071,1515.5069580078125,41.822364807128906,20.790000915527344,29.3799991607666,45.59395980834961,0.0003000000142492354,66.74156951904297,55.779998779296875,36.1064567565918,22.540000915527344,120.60272979736328,235.22084045410156,11.867386817932129,10.619999885559082,5.829999923706055,126.07052612304688,444.439697265625,10.760000228881836,88.21485900878906,173.74049377441406,3.3399999141693115,35.7599983215332,57.619998931884766,13.670000076293945,25.450000762939453,86.68000030517578,4.909999847412109,14.609999656677246,10.399999618530273,128.13021850585938
2023-01-19,4.735000133514404,73.76000213623047,31.104034423828125,21.229999542236328,21086.79296875,187.22000122070312,37.84900665283203,1504.1400146484375,18.767000198364258,99.08000183105469,119.50981140136719,0.08166000247001648,10.020831108093262,0.2199999988079071,1552.5565185546875,41.603763580322266,19.040000915527344,28.75,45.67365264892578,0.0003000000142492354,66.72174072265625,56.040000915527344,36.25565719604492,22.610000610351562,122.51154327392578,231.35052490234375,11.767827033996582,10.723333358764648,5.860000133514404,124.1759262084961,440.70330810546875,10.739999771118164,88.96244049072266,167.62152099609375,3.490000009536743,33.40999984741211,57.70000076293945,13.579999923706055,25.5,87.97000122070312,4.860000133514404,14.239999771118164,10.579999923706055,125.47245025634766
2023-01-20,4.739999771118164,73.83999633789062,31.698379516601562,22.030000686645508,22676.552734375,191.92999267578125,39.06962203979492,1555.18994140625,18.95616340637207,103.4800033569336,122.21127319335938,0.0864029973745346,10.040693283081055,0.20999999344348907,1659.754150390625,41.52427291870117,19.610000610351562,28.989999771118164,45.474422454833984,0.0003000000142492354,66.91008758544922,55.84000015258789,36.86240768432617,23.0,124.98702239990234,239.6198272705078,11.877342224121094,10.773332595825195,6.139999866485596,126.2599868774414,449.12261962890625,10.739999771118164,88.8029556274414,178.35971069335938,3.690000057220459,35.380001068115234,59.06999969482422,13.850000381469727,26.520000457763672,89.29000091552734,5.190000057220459,14.609999656677246,10.880000114440918,126.04978942871094
2023-01-23,4.679999828338623,75.22000122070312,32.09461212158203,21.399999618530273,22934.431640625,194.1999969482422,39.95283126831055,1597.3499755859375,19.115459442138672,105.69000244140625,125.1511001586914,0.08860500156879425,10.428020477294922,0.23000000417232513,1628.2510986328125,40.997642517089844,21.65999984741211,29.459999084472656,45.683616638183594,0.0003000000142492354,66.70191955566406,57.540000915527344,36.49437713623047,23.229999542236328,126.1402587890625,241.9739227294922,12.0167236328125,10.823332786560059,6.159999847412109,127.92523193359375,449.2322082519531,10.65999984741211,89.98912048339844,191.89739990234375,3.0350000858306885,36.5099983215332,61.599998474121094,14.050000190734863,27.190000534057617,88.91000366210938,5.309999942779541,14.600000381469727,11.130000114440918,126.08960723876953
2023-01-24,4.679999828338623,75.11000061035156,31.896495819091797,20.43000030517578,22636.46875,188.14999389648438,39.44672393798828,1595.0899658203125,18.995986938476562,106.0,124.66443634033203,0.0839499980211258,10.38829517364502,0.23999999463558197,1556.604248046875,41.146690368652344,21.399999618530273,28.8700008392334,45.54415512084961,0.0003000000142492354,67.07859802246094,57.90999984741211,36.484432220458984,23.149999618530273,129.4508514404297,241.43527221679688,12.036636352539062,10.966667175292969,5.949999809265137,126.46939086914062,457.6415710449219,10.630000114440918,89.66018676757812,192.61727905273438,3.0299999713897705,35.59000015258789,60.779998779296875,14.029999732971191,27.31999969482422,89.30999755859375,5.320000171661377,14.59000015258789,10.920000076293945,127.92117309570312
2023-01-25,4.679999828338623,74.63999938964844,31.312055587768555,20.709999084472656,23117.859375,189.55999755859375,39.79405212402344,1563.97998046875,19.045764923095703,108.12000274658203,124.4757308959961,0.08659400045871735,10.586923599243164,0.23999999463558197,1611.7110595703125,41.25598907470703,20.229999542236328,29.479999542236328,46.022308349609375,0.0003000000142492354,67.425537109375,57.709999084472656,36.67341613769531,23.520000457763672,129.0531768798828,240.00885009765625,12.036636352539062,11.100000381469727,6.039999961853027,126.45941925048828,461.60711669921875,10.699999809265137,90.00906372070312,193.1971893310547,3.259999990463257,35.70000076293945,61.5,14.020000457763672,27.209999084472656,89.55000305175781,5.360000133514404,14.640000343322754,10.970000267028809,128.60801696777344
2023-01-26,4.679999828338623,75.5999984741211,31.747907638549805,21.540000915527344,23032.77734375,189.08999633789062,40.101688385009766,1606.2900390625,20.071229934692383,109.69999694824219,125.13123321533203,0.08637300133705139,10.408157348632812,0.33000001311302185,1603.10595703125,41.71306610107422,20.010000228881836,29.510000228881836,45.82307434082031,0.0003000000142492354,66.9299087524414,59.0,35.50965881347656,23.479999542236328,134.56088256835938,247.38038635253906,12.136194229125977,11.123332977294922,6.070000171661377,127.16739654541016,441.8591003417969,10.829999923706055,91.9926528930664,197.9863739013672,3.25,35.970001220703125,61.81999969482422,14.239999771118164,27.149999618530273,89.12999725341797,5.380000114440918,14.520000457763672,11.100000381469727,128.44874572753906
2023-01-27,4.75,76.61000061035156,32.193668365478516,21.34000015258789,23078.728515625,195.69000244140625,39.29786682128906,1613.780029296875,20.31017303466797,109.54000091552734,125.36959838867188,0.08712299913167953,10.57699203491211,0.3700000047683716,1598.156494140625,41.872047424316406,22.81999969482422,29.8799991607666,46.67976760864258,0.0003000000142492354,67.00920867919922,59.290000915527344,36.04677963256836,23.760000228881836,132.07545471191406,247.5399932861328,12.345267295837402,11.15666675567627,6.019999980926514,127.16739654541016,436.06024169921875,10.850000381469727,91.3547134399414,203.61541748046875,3.259999990463257,37.75,62.70000076293945,14.300000190734863,27.260000228881836,90.61000061035156,5.710000038146973,14.699999809265137,11.739999771118164,127.54292297363281
2023-01-30,4.789999961853027,75.95999908447266,31.29224395751953,21.1200008392334,22840.138671875,190.58999633789062,38.940616607666016,1609.8599853515625,19.672992706298828,107.58999633789062,126.06482696533203,0.0883369967341423,10.626648902893066,0.4699999988079071,1567.3265380859375,41.2063102722168,21.25,30.010000228881836,46.69969177246094,0.0003000000142492354,67.49492645263672,58.11000061035156,35.2808837890625,23.90999984741211,128.3870849609375,242.10360717773438,12.205885887145996,11.038666725158691,5.949999809265137,126.01069641113281,437.684326171875,10.729999542236328,89.2913818359375,191.5874481201172,2.9200000762939453,35.529998779296875,60.79999923706055,14.079999923706055,26.530000686645508,89.33000183105469,5.380000114440918,14.510000228881836,11.369999885559082,128.44874572753906
2023-01-31,4.808000087738037,76.56999969482422,32.342254638671875,22.739999771118164,23139.283203125,200.0399932861328,39.049774169921875,1646.3800048828125,19.89202308654785,108.48999786376953,129.86871337890625,0.09616699814796448,11.450959205627441,0.41999998688697815,1586.535400390625,41.673316955566406,21.8700008392334,30.389999389648438,46.76942443847656,0.00039999998989515007,67.98065185546875,58.369998931884766,35.57928466796875,24.489999771118164,127.77070617675781,247.19085693359375,12.59416389465332,11.133333206176758,6.289999961853027,126.96797180175781,446.4125061035156,10.770000457763672,88.32450866699219,195.33682250976562,2.9200000762939453,37.209999084472656,62.38999938964844,14.270000457763672,26.850000381469727,89.45999908447266,5.519999980926514,14.65999984741211,11.6899995803833,129.91200256347656
2023-02-01,4.808000087738037,76.69999694824219,32.20357131958008,23.950000762939453,23723.76953125,210.3699951171875,39.66504669189453,1652.56005859375,19.165237426757812,109.38999938964844,133.60308837890625,0.09417100250720978,11.649588584899902,0.44999998807907104,1641.792724609375,41.683258056640625,21.829999923706055,31.489999771118164,47.755611419677734,0.0003000000142492354,67.66344451904297,59.279998779296875,35.44002914428711,24.950000762939453,122.25305938720703,252.11851501464844,12.962531089782715,11.183333396911621,6.369999885559082,129.1317901611328,440.9822998046875,10.819999694824219,91.47431945800781,209.39442443847656,3.009999990463257,38.2400016784668,63.22999954223633,14.4399995803833,27.40999984741211,89.55000305175781,5.619999885559082,14.699999809265137,12.09000015258789,128.41888427734375
2023-02-02,4.800000190734863,77.11000061035156,33.05546569824219,25.100000381469727,23471.87109375,222.85000610351562,40.796348571777344,1689.6700439453125,18.328935623168945,113.20999908447266,133.176025390625,0.09097900241613388,11.450959205627441,0.4300000071525574,1643.2415771484375,43.2234001159668,22.700000762939453,31.959999084472656,49.30961608886719,0.0003000000142492354,67.03894805908203,60.52000045776367,36.62368392944336,25.780000686645508,119.20095825195312,263.93890380859375,13.062089920043945,11.166666984558105,6.550000190734863,128.6930389404297,439.2585754394531,10.789999961853027,90.43767547607422,217.05313110351562,3.5,40.47999954223633,64.16999816894531,14.649999618530273,27.959999084472656,93.80000305175781,6.340000152587891,14.65999984741211,12.270000457763672,127.62255859375
2023-02-03,4.800000190734863,75.23999786376953,33.38235855102539,25.389999389648438,23449.322265625,215.44000244140625,39.66504669189453,1692.969970703125,18.56787872314453,110.70999908447266,134.82470703125,0.09298700094223022,11.411233901977539,0.4000000059604645,1664.74560546875,43.799713134765625,22.25,31.329999923706055,49.56861114501953,0.0003000000142492354,67.01912689208984,60.630001068115234,36.15618896484375,25.440000534057617,117.5108642578125,257.70452880859375,13.92824935913086,11.083333015441895,6.369999885559082,127.2471694946289,439.0393981933594,10.75,89.6103515625,210.96417236328125,3.2100000381469727,38.540000915527344,64.01000213623047,14.489999771118164,28.209999084472656,93.12999725341797,6.079999923706055,14.5,11.890000343322754,126.42805480957031
2023-02-06,4.619999885559082,71.58000183105469,33.213958740234375,25.559999465942383,22760.109375,212.38999938964844,39.208553314208984,1700.280029296875,18.54796600341797,109.87000274658203,133.91098022460938,0.0895489975810051,11.441028594970703,0.3799999952316284,1616.2470703125,43.74009323120117,23.860000610351562,30.600000381469727,49.96707534790039,0.0003000000142492354,68.40689086914062,58.52000045776367,35.82794952392578,24.780000686645508,115.73130798339844,256.1284484863281,13.699264526367188,10.954999923706055,6.409999847412109,125.37252044677734,447.32916259765625,10.579999923706055,88.07530975341797,210.85418701171875,2.9800000190734863,38.9900016784668,62.77000045776367,14.40999984741211,27.479999542236328,90.12000274658203,5.940000057220459,14.329999923706055,11.359999656677246,128.46865844726562
2023-02-07,4.619999885559082,75.5999984741211,33.6399040222168,25.8700008392334,23264.291015625,228.24000549316406,39.367332458496094,1722.8599853515625,19.374311447143555,111.62999725341797,133.4044647216797,0.09257599711418152,11.460890769958496,0.4000000059604645,1672.0035400390625,43.849395751953125,21.219999313354492,30.450000762939453,49.66823196411133,0.0003000000142492354,67.40571594238281,59.02000045776367,35.99704360961914,24.75,121.51737213134766,266.8915100097656,13.848602294921875,10.673333168029785,6.510000228881836,124.9736557006836,450.507568359375,10.180000305175781,88.03543853759766,221.6923370361328,2.9200000762939453,38.66999816894531,65.79000091552734,14.619999885559082,29.170000076293945,91.37000274658203,5.949999809265137,14.449999809265137,11.579999923706055,128.74737548828125
2023-02-08,4.619999885559082,72.88999938964844,34.382835388183594,25.8799991607666,22939.3984375,228.94000244140625,38.46427536010742,1637.4100341796875,19.41413688659668,111.77999877929688,131.0803985595703,0.09015599638223648,11.262262344360352,0.4000000059604645,1650.716796875,43.104164123535156,21.100000381469727,30.09000015258789,49.1402702331543,0.0003000000142492354,66.61270141601562,58.029998779296875,35.11178970336914,24.139999389648438,120.85127258300781,266.0635986328125,13.758999824523926,10.853333473205566,6.340000152587891,122.56053924560547,454.4033508300781,9.90999984741211,88.07530975341797,222.01229858398438,2.819999933242798,37.5099983215332,65.12000274658203,14.470000267028809,28.920000076293945,90.41999816894531,5.570000171661377,14.420000076293945,11.319999694824219,130.81784057617188
2023-02-09,4.739999771118164,75.26000213623047,34.60076141357422,25.25,21819.0390625,220.97000122070312,37.61083984375,1606.9100341796875,19.244884490966797,110.36000061035156,128.9053192138672,0.0814799964427948,11.093427658081055,0.4099999964237213,1546.438232421875,43.2234001159668,19.670000076293945,29.8799991607666,49.678192138671875,0.0003000000142492354,66.54331970214844,57.959999084472656,34.664188385009766,23.790000915527344,120.03605651855469,262.96136474609375,13.670000076293945,11.103333473205566,6.070000171661377,121.83261108398438,452.201416015625,9.989999771118164,88.91259765625,223.33206176757812,2.6700000762939453,36.400001525878906,65.29000091552734,14.34000015258789,28.389999389648438,90.12000274658203,5.179999828338623,14.729999542236328,11.140000343322754,130.5590362548828
2023-02-10,4.739999771118164,75.44999694824219,34.353118896484375,25.110000610351562,21651.18359375,214.82000732421875,38.06732940673828,1583.8900146484375,19.981626510620117,108.05999755859375,128.3988037109375,0.08109000325202942,11.073564529418945,0.4300000071525574,1514.869140625,43.18365478515625,19.270000457763672,29.25,48.39315414428711,0.0003000000142492354,67.09842681884766,57.060001373291016,34.38568115234375,23.170000076293945,126.05078887939453,262.4426574707031,13.760000228881836,11.19333267211914,5.929999828338623,121.8824691772461,462.1750183105469,10.069999694824219,86.420654296875,212.61387634277344,2.5199999809265137,34.81999969482422,65.72000122070312,14.350000381469727,27.75,90.12000274658203,4.980000019073486,14.380000114440918,11.100000381469727,130.70834350585938
2023-02-13,4.735000133514404,76.58999633789062,34.79887771606445,25.700000762939453,21808.1015625,220.5,38.7917594909668,1614.31005859375,19.802419662475586,107.66000366210938,128.99472045898438,0.08215600252151489,11.123221397399902,0.4300000071525574,1507.1658935546875,43.382381439208984,19.690000534057617,29.860000610351562,49.63834762573242,0.0003000000142492354,67.78239440917969,58.290000915527344,34.88301467895508,23.829999923706055,127.06483459472656,270.6421203613281,13.789999961853027,10.936667442321777,5.940000057220459,124.7941665649414,462.593505859375,9.930000305175781,87.57691955566406,217.84300231933594,2.5999999046325684,34.43000030517578,66.05000305175781,14.5,28.520000457763672,89.63999938964844,5.170000076293945,14.609999656677246,11.199999809265137,131.91281127929688
2023-02-14,4.735000133514404,76.77999877929688,35.195106506347656,25.670000076293945,22220.8046875,244.0,38.76198959350586,1644.52001953125,19.832286834716797,107.66000366210938,128.5477752685547,0.08353400230407715,11.172879219055176,0.41999998688697815,1556.8751220703125,43.08428955078125,19.8700008392334,29.329999923706055,49.56861114501953,0.0003000000142492354,66.61270141601562,58.400001525878906,35.3206672668457,23.8799991607666,127.88999938964844,271.4900207519531,14.010000228881836,11.102666854858398,6.0,125.84117889404297,465.8117980957031,9.960000038146973,86.48046875,229.67100524902344,2.5799999237060547,35.66999816894531,66.66000366210938,14.5600004196167,28.8700008392334,89.33999633789062,5.289999961853027,14.239999771118164,10.930000305175781,130.2305450439453
2023-02-15,4.735000133514404,77.69999694824219,35.30406951904297,26.06999969482422,24307.841796875,246.58999633789062,39.119239807128906,1656.5400390625,19.314577102661133,109.23999786376953,130.6036834716797,0.08929099887609482,11.262262344360352,0.4000000059604645,1673.7459716796875,42.955116271972656,21.799999237060547,30.280000686645508,50.33565139770508,0.0003000000142492354,66.59288024902344,58.70000076293945,35.5295524597168,24.1299991607666,127.11000061035156,269.32000732421875,14.050000190734863,10.925000190734863,6.110000133514404,127.11754608154297,459.2656555175781,9.970000267028809,86.09172821044922,227.60134887695312,2.569999933242798,45.08000183105469,66.3499984741211,14.609999656677246,29.40999984741211,88.41999816894531,6.010000228881836,14.079999923706055,11.279999732971191,131.0666961669922
2023-02-16,4.589000225067139,77.51000213623047,35.0465202331543,25.850000381469727,23623.474609375,247.1999969482422,39.416954040527344,1621.239990234375,18.37871551513672,105.83000183105469,129.1238250732422,0.0850439965724945,11.321850776672363,0.3799999952316284,1640.067626953125,44.713863372802734,21.600000381469727,30.229999542236328,50.43526840209961,0.0003000000142492354,66.25585174560547,58.11000061035156,35.2212028503418,24.020000457763672,126.51000213623047,262.1499938964844,13.859999656677246,10.773332595825195,6.119999885559082,124.02635192871094,463.6596374511719,10.15999984741211,87.5270767211914,219.98263549804688,2.440000057220459,43.58000183105469,65.55999755859375,14.40999984741211,28.959999084472656,87.54000091552734,5.980000019073486,14.300000190734863,10.90999984741211,131.11647033691406
2023-02-17,4.78000020980835,77.56999969482422,34.76915740966797,25.84000015258789,24565.6015625,240.83999633789062,38.821529388427734,1617.6700439453125,18.09994888305664,105.22000122070312,129.26287841796875,0.08776599913835526,11.37150764465332,0.3700000047683716,1694.7833251953125,44.664180755615234,21.989999771118164,29.639999389648438,50.4253044128418,0.0003000000142492354,67.78239440917969,57.83000183105469,35.171470642089844,23.809999465942383,122.5,258.05999755859375,14.119999885559082,10.703332901000977,6.150000095367432,124.48504638671875,468.9204406738281,10.15999984741211,85.56342315673828,213.84368896484375,2.3499999046325684,40.880001068115234,65.6500015258789,14.329999923706055,28.389999389648438,85.05999755859375,6.369999885559082,14.300000190734863,10.829999923706055,131.43499755859375
2023-02-21,4.260000228881836,77.0,34.13519287109375,23.920000076293945,24436.353515625,225.24000549316406,37.55129623413086,1569.260009765625,18.348848342895508,102.08999633789062,128.75634765625,0.08541300147771835,11.252330780029297,0.3799999952316284,1658.036376953125,44.564815521240234,20.65999984741211,29.049999237060547,48.662113189697266,0.0003000000142492354,68.30776977539062,54.779998779296875,33.57999801635742,23.329999923706055,123.06999969482422,252.6699981689453,13.850000381469727,10.583333015441895,5.900000095367432,120.75567626953125,472.2283935546875,10.010000228881836,84.93545532226562,206.51492309570312,2.2100000381469727,37.560001373291016,64.05000305175781,14.039999961853027,27.530000686645508,83.23999786376953,5.75,13.859999656677246,10.670000076293945,130.61000061035156
2023-02-22,4.260000228881836,77.12000274658203,34.15500259399414,24.899999618530273,24188.84375,223.52999877929688,37.71999740600586,1552.3800048828125,17.821182250976562,101.68000030517578,128.42860412597656,0.0855339989066124,11.570137023925781,0.36000001430511475,1643.231689453125,45.70750427246094,20.520000457763672,28.889999389648438,49.150230407714844,0.0003000000142492354,67.60396575927734,54.25,33.42085266113281,23.489999771118164,122.77999877929688,251.50999450683594,13.819999694824219,10.446999549865723,6.050000190734863,119.55909729003906,476.99102783203125,9.850000381469727,85.77275848388672,207.50474548339844,2.180000066757202,37.54999923706055,64.80999755859375,14.029999732971191,27.860000610351562,82.4800033569336,5.789999961853027,13.880000114440918,10.680000305175781,129.30999755859375
2023-02-23,4.349999904632568,77.06999969482422,33.73896408081055,26.09000015258789,23947.4921875,220.1300048828125,37.40243911743164,1522.489990234375,17.97052001953125,101.7300033569336,129.0741729736328,0.08429200202226639,11.738971710205078,0.3499999940395355,1651.0738525390625,46.065216064453125,20.139999389648438,28.209999084472656,49.71803665161133,0.0003000000142492354,67.61387634277344,55.34000015258789,33.46063995361328,23.760000228881836,125.5199966430664,254.77000427246094,13.960000038146973,10.476667404174805,5.980000019073486,119.6189193725586,474.5299987792969,9.90999984741211,82.62293243408203,236.5998077392578,2.140000104904175,37.380001068115234,65.08000183105469,14.119999885559082,27.709999084472656,82.68000030517578,5.760000228881836,13.84000015258789,10.930000305175781,128.6699981689453
2023-02-24,4.349999904632568,76.81999969482422,33.630001068115234,25.1299991607666,23198.126953125,218.2100067138672,36.71770477294922,1476.72998046875,18.139772415161133,100.30000305175781,127.39569854736328,0.08089999854564667,11.77869701385498,0.3499999940395355,1608.3731689453125,46.00559616088867,19.540000915527344,28.049999237060547,48.92111587524414,0.0003000000142492354,67.08851623535156,54.93000030517578,33.391014099121094,23.40999984741211,124.91999816894531,249.22000122070312,13.869999885559082,10.400667190551758,5.880000114440918,117.70438385009766,470.9100036621094,9.59000015258789,78.38662719726562,232.82046508789062,2.0999999046325684,36.959999084472656,63.290000915527344,13.9399995803833,26.84000015258789,82.70999908447266,5.480000019073486,13.579999923706055,10.680000305175781,126.83000183105469
2023-02-27,4.349999904632568,76.73999786376953,33.5,25.950000762939453,23522.87109375,221.1699981689453,37.065032958984375,1494.75,18.498188018798828,100.44999694824219,128.8755340576172,0.08135399967432022,11.828354835510254,0.3499999940395355,1634.326416015625,45.647884368896484,19.100000381469727,27.670000076293945,48.64219284057617,0.0003000000142492354,66.91999816894531,55.33000183105469,33.361175537109375,23.459999084472656,126.58000183105469,250.16000366210938,13.880000114440918,10.33666706085205,5.900000095367432,118.19298553466797,470.07000732421875,9.430000305175781,78.72553253173828,234.9700927734375,2.109999895095825,36.650001525878906,64.01000213623047,14.005999565124512,26.780000686645508,83.3499984741211,5.5,13.65999984741211,10.460000038146973,126.56999969482422
2023-02-28,4.563000202178955,76.25,33.619998931884766,26.770000457763672,23147.353515625,219.66000366210938,36.88640594482422,1491.0799560546875,18.35880470275879,99.61000061035156,127.75324249267578,0.08074899762868881,11.649588584899902,0.3400000035762787,1605.8951416015625,45.62800979614258,19.229999542236328,27.049999237060547,48.07438278198242,0.00019999999494757503,65.94000244140625,54.54999923706055,33.400962829589844,23.18000030517578,123.5999984741211,249.4199981689453,13.869999885559082,10.353333473205566,5.840000152587891,118.4522476196289,464.1099853515625,9.329999923706055,77.38984680175781,232.12057495117188,2.130000114440918,36.63999938964844,64.5999984741211,13.970000267028809,26.399999618530273,83.58000183105469,5.739999771118164,13.680000305175781,10.300000190734863,127.16000366210938
2023-03-01,4.519999980926514,75.72000122070312,33.79999923706055,26.34000015258789,23646.55078125,218.30999755859375,36.350528717041016,1484.77001953125,18.528057098388672,98.54000091552734,127.81283569335938,0.08196400105953217,11.79856014251709,0.3499999940395355,1663.4337158203125,46.204322814941406,18.149999618530273,26.440000534057617,52.437538146972656,0.0003000000142492354,65.26000213623047,52.9900016784668,33.47058868408203,23.40999984741211,129.19000244140625,246.27000427246094,13.90999984741211,10.289999961853027,5.929999828338623,118.24285125732422,462.54998779296875,9.3100004196167,81.2573471069336,226.9414520263672,2.0299999713897705,37.47999954223633,65.04000091552734,13.920000076293945,26.760000228881836,83.62999725341797,4.730000019073486,13.699999809265137,10.300000190734863,126.19999694824219
2023-03-02,4.519999980926514,77.70999908447266,33.810001373291016,27.0,23475.466796875,223.66000366210938,36.668087005615234,1495.27001953125,18.995986938476562,98.91999816894531,128.62722778320312,0.08051999658346176,11.99718952178955,0.3499999940395355,1647.3193359375,46.59184265136719,18.190000534057617,27.290000915527344,52.945579528808594,0.0003000000142492354,65.62000274658203,53.439998626708984,33.73914337158203,23.420000076293945,129.6300048828125,251.11000061035156,13.989999771118164,10.27733325958252,6.019999980926514,119.24000549316406,468.2699890136719,9.369999885559082,85.3142318725586,233.10040283203125,2.059999942779541,39.22999954223633,64.94000244140625,14.010000228881836,28.280000686645508,83.33999633789062,5.139999866485596,13.720000267028809,10.199999809265137,128.67999267578125
2023-03-03,4.570000171661377,79.38999938964844,34.279998779296875,27.079999923706055,22362.6796875,231.63999938964844,36.94594955444336,1510.0,19.27475357055664,101.13999938964844,131.2095184326172,0.07677700370550156,12.20574951171875,0.3799999952316284,1569.1676025390625,46.880001068115234,18.700000762939453,27.610000610351562,51.98926544189453,0.00039999998989515007,65.33999633789062,53.720001220703125,33.99776077270508,23.6299991607666,133.5,255.2899932861328,14.09000015258789,10.463333129882812,5.949999809265137,120.94000244140625,467.3800048828125,9.529999732971191,85.62323760986328,238.8594207763672,2.0999999046325684,41.369998931884766,66.66000366210938,14.25,30.399999618530273,85.73999786376953,5.5,13.90999984741211,10.319999694824219,129.6699981689453
2023-03-06,4.489999771118164,79.62999725341797,34.45000076293945,26.110000610351562,22429.7578125,226.57000732421875,36.797096252441406,1505.1300048828125,19.09554672241211,100.66000366210938,131.23931884765625,0.07480499893426895,12.007121086120605,0.38999998569488525,1567.398681640625,46.4900016784668,18.649999618530273,27.190000534057617,51.481231689453125,0.0003000000142492354,65.0999984741211,53.380001068115234,33.57999801635742,23.719999313354492,131.9199981689453,256.8699951171875,13.819999694824219,10.461999893188477,5.880000114440918,120.16999816894531,470.2200012207031,9.399999618530273,86.18143463134766,235.5,2.009999990463257,40.56999969482422,66.4000015258789,14.239999771118164,29.799999237060547,86.52999877929688,5.409999847412109,14.0,10.0600004196167,129.3000030517578
2023-03-07,4.489999771118164,79.26000213623047,33.65999984741211,26.469999313354492,22219.76953125,222.60000610351562,35.913883209228516,1509.6800537109375,18.458364486694336,99.05999755859375,145.78944396972656,0.0740479975938797,11.748903274536133,0.38999998569488525,1561.93310546875,46.220001220703125,18.059999465942383,26.889999389648438,51.23219299316406,0.00019999999494757503,64.54000091552734,51.68000030517578,33.369998931884766,23.020000457763672,130.2100067138672,254.14999389648438,13.6899995803833,10.40666675567627,5.940000057220459,119.58999633789062,472.20001220703125,9.350000381469727,83.5300064086914,232.8800048828125,2.0199999809265137,41.56999969482422,63.709999084472656,14.010000228881836,28.989999771118164,87.26000213623047,5.309999942779541,13.9399995803833,10.329999923706055,126.91999816894531
2023-03-08,4.489999771118164,79.4800033569336,33.349998474121094,25.020000457763672,21718.080078125,221.92999267578125,35.6260986328125,1533.06005859375,18.388671875,99.30000305175781,148.70941162109375,0.07113000005483627,11.808491706848145,0.3700000047683716,1534.0882568359375,47.0,18.170000076293945,26.709999084472656,50.505001068115234,0.00019999999494757503,64.72000122070312,52.70000076293945,33.900001525878906,23.1200008392334,127.87000274658203,253.6999969482422,13.699999809265137,10.40999984741211,5.949999809265137,119.86000061035156,465.25,9.399999618530273,83.05999755859375,241.80999755859375,2.0399999618530273,41.349998474121094,63.5099983215332,14.020000457763672,28.469999313354492,88.05999755859375,5.409999847412109,13.90999984741211,10.5,126.77999877929688
2023-03-09,4.489999771118164,78.37000274658203,32.81999969482422,24.200000762939453,20363.021484375,208.83999633789062,35.199378967285156,1551.0999755859375,18.498188018798828,96.13999938964844,148.31214904785156,0.0659869983792305,12.126297950744629,0.4099999964237213,1438.6607666015625,46.65999984741211,17.520000457763672,27.190000534057617,50.310001373291016,0.0003000000142492354,64.12000274658203,53.040000915527344,33.08000183105469,22.920000076293945,128.3800048828125,252.32000732421875,13.5,10.393333435058594,5.400000095367432,117.87000274658203,459.0400085449219,9.40999984741211,81.41000366210938,234.36000061035156,1.9900000095367432,39.939998626708984,61.4900016784668,13.729999542236328,27.15999984741211,86.55999755859375,5.099999904632568,13.90999984741211,9.970000267028809,126.05000305175781
2023-03-10,4.309999942779541,77.97000122070312,31.639999389648438,23.25,20187.244140625,191.83999633789062,35.04059982299805,1550.7099609375,18.269201278686523,93.56999969482422,145.27301025390625,0.06583300232887268,11.89787483215332,0.36000001430511475,1429.1580810546875,45.90999984741211,17.25,26.700000762939453,50.29999923706055,0.00019999999494757503,63.88999938964844,52.599998474121094,32.77000045776367,22.540000915527344,128.5500030517578,248.58999633789062,13.109999656677246,10.260000228881836,5.239999771118164,117.48999786376953,459.7799987792969,9.449999809265137,82.83000183105469,229.64999389648438,1.9900000095367432,40.04999923706055,59.18000030517578,13.503000259399414,25.860000610351562,84.76000213623047,4.980000019073486,13.829999923706055,10.050000190734863,124.58000183105469
2023-03-13,4.5,78.13999938964844,30.979999542236328,21.18000030517578,24197.533203125,188.47000122070312,35.239070892333984,1566.3399658203125,17.18400001525879,92.5999984741211,144.10104370117188,0.07304099947214127,11.679383277893066,0.3400000035762787,1680.3089599609375,44.77000045776367,16.75,27.030000686645508,50.54999923706055,0.00019999999494757503,64.26000213623047,53.099998474121094,31.059999465942383,22.209999084472656,123.77999877929688,253.9199981689453,12.899999618530273,10.293333053588867,4.820000171661377,116.86000061035156,457.739990234375,9.460000038146973,83.7699966430664,229.66000366210938,2.0899999141693115,41.40999984741211,57.279998779296875,13.489999771118164,25.139999389648438,85.55999755859375,5.079999923706055,13.739999771118164,9.59000015258789,124.88999938964844
2023-03-14,4.324999809265137,79.08999633789062,31.65999984741211,22.0,24746.07421875,185.77000427246094,35.010826110839844,1590.760009765625,16.989999771118164,93.36000061035156,147.90493774414062,0.07478699833154678,11.639657020568848,0.3400000035762787,1703.507080078125,45.619998931884766,16.90999984741211,27.149999618530273,49.59000015258789,0.00019999999494757503,64.6500015258789,53.5,30.530000686645508,22.219999313354492,127.77999877929688,260.7900085449219,13.369999885559082,10.265999794006348,5.090000152587891,119.0,453.6600036621094,9.449999809265137,85.30999755859375,240.6300048828125,2.059999942779541,43.189998626708984,57.93000030517578,13.720000267028809,25.450000762939453,85.44000244140625,5.0,13.609999656677246,9.399999618530273,126.69999694824219
2023-03-15,4.199999809265137,79.26000213623047,30.829999923706055,20.969999313354492,24375.9609375,187.1300048828125,35.616172790527344,1590.8699951171875,15.8100004196167,93.0999984741211,145.7100067138672,0.06986600160598755,11.709177017211914,0.3700000047683716,1656.1805419921875,44.75,15.949999809265137,27.40999984741211,48.810001373291016,0.00019999999494757503,65.26000213623047,52.75,29.729999542236328,21.40999984741211,122.69000244140625,265.44000244140625,13.100000381469727,10.116666793823242,4.880000114440918,118.16999816894531,448.8999938964844,9.399999618530273,83.83000183105469,242.27999877929688,2.009999990463257,42.720001220703125,56.5099983215332,13.609999656677246,25.030000686645508,83.73999786376953,4.630000114440918,13.239999771118164,9.800000190734863,127.12999725341797
2023-03-16,4.300000190734863,79.87000274658203,31.229999542236328,21.59000015258789,25052.7890625,182.60000610351562,35.963504791259766,1625.1400146484375,15.90999984741211,94.29000091552734,146.69000244140625,0.07271800190210342,11.550273895263672,0.3499999940395355,1677.2154541015625,44.81999969482422,16.760000228881836,27.100000381469727,49.90999984741211,0.00019999999494757503,64.97000122070312,53.459999084472656,30.479999542236328,21.450000762939453,125.16000366210938,276.20001220703125,13.15999984741211,10.146666526794434,4.78000020980835,120.6500015258789,450.1499938964844,9.520000457763672,85.51000213623047,255.41000366210938,1.9600000381469727,45.33000183105469,58.11000061035156,13.850000381469727,25.729999542236328,86.38999938964844,4.590000152587891,13.489999771118164,10.199999809265137,128.05999755859375
2023-03-17,4.210000038146973,78.98999786376953,30.719999313354492,21.020000457763672,27423.9296875,173.3800048828125,35.755104064941406,1608.8399658203125,15.529999732971191,93.19999694824219,144.66000366210938,0.07650899887084961,11.262262344360352,0.3499999940395355,1792.485107421875,43.79999923706055,16.600000381469727,26.90999984741211,49.5,0.00019999999494757503,64.73999786376953,53.22999954223633,30.030000686645508,20.93000030517578,123.66000366210938,279.42999267578125,12.859999656677246,10.273332595825195,4.78000020980835,120.38999938964844,443.6000061035156,9.600000381469727,85.87000274658203,257.25,1.7450000047683716,43.689998626708984,57.29999923706055,13.710000038146973,24.790000915527344,86.5199966430664,4.159999847412109,13.369999885559082,9.8100004196167,126.8499984741211
2023-03-20,4.010000228881836,79.33999633789062,31.25,21.469999313354492,27767.236328125,175.11000061035156,36.15205383300781,1610.22998046875,16.209999084472656,94.22000122070312,143.75,0.07148700207471848,11.262262344360352,0.33000001311302185,1735.3212890625,43.869998931884766,16.8700008392334,27.15999984741211,49.880001068115234,0.00019999999494757503,65.0199966430664,53.27000045776367,30.079999923706055,20.969999313354492,126.25,272.2300109863281,13.15999984741211,10.416666984558105,4.809999942779541,121.19999694824219,449.260009765625,9.550000190734863,85.87000274658203,259.0,1.850000023841858,43.36000061035156,57.79999923706055,13.84000015258789,24.8700008392334,88.41999816894531,4.099999904632568,13.520000457763672,9.819999694824219,128.8800048828125
2023-03-21,3.940000057220459,79.75,31.68000030517578,21.700000762939453,28175.81640625,183.97000122070312,36.70778274536133,1627.9599609375,16.8799991607666,96.54000091552734,146.63999938964844,0.07689400017261505,11.39137077331543,0.36000001430511475,1806.7607421875,44.810001373291016,17.649999618530273,27.540000915527344,50.2400016784668,0.0003000000142492354,65.1500015258789,53.689998626708984,31.040000915527344,21.469999313354492,128.2899932861328,273.7799987792969,13.390000343322754,10.386667251586914,4.900000095367432,125.61000061035156,449.9800109863281,9.5600004196167,86.08000183105469,261.989990234375,2.0199999809265137,44.7400016784668,59.33000183105469,14.069999694824219,25.200000762939453,89.37000274658203,4.119999885559082,13.569999694824219,10.170000076293945,128.5500030517578
2023-03-22,3.8440001010894775,78.63999938964844,31.049999237060547,21.229999542236328,27307.4375,176.14999389648438,35.92380905151367,1622.469970703125,16.559999465942383,94.9000015258789,142.2899932861328,0.07399900257587433,11.450959205627441,0.36000001430511475,1737.717041015625,44.220001220703125,23.8700008392334,27.15999984741211,49.540000915527344,0.0003000000142492354,64.48999786376953,53.099998474121094,30.079999923706055,20.670000076293945,126.9800033569336,272.2900085449219,13.0,10.58666706085205,5.110000133514404,119.5,443.6000061035156,9.5,85.16999816894531,264.67999267578125,1.9500000476837158,42.849998474121094,57.47999954223633,13.829999923706055,24.31999969482422,87.44000244140625,3.9100000858306885,13.59000015258789,8.390000343322754,127.63999938964844
2023-03-23,3.8440001010894775,79.68000030517578,31.239999771118164,20.15999984741211,28333.97265625,181.07000732421875,35.69556427001953,1632.530029296875,15.729999542236328,95.83000183105469,139.83999633789062,0.07741200178861618,11.351645469665527,0.33000001311302185,1816.4051513671875,43.7599983215332,22.579999923706055,27.31999969482422,50.130001068115234,0.0003000000142492354,64.5999984741211,53.83000183105469,29.6200008392334,20.489999771118164,126.1500015258789,277.6600036621094,12.930000305175781,10.66333293914795,4.949999809265137,120.97000122070312,444.44000244140625,9.640000343322754,90.0999984741211,271.9100036621094,2.0299999713897705,42.06999969482422,55.33000183105469,13.84000015258789,23.81999969482422,88.2699966430664,4.03000020980835,13.5600004196167,8.100000381469727,127.68000030517578
2023-03-24,3.8440001010894775,84.38999938964844,31.020000457763672,20.209999084472656,27493.28515625,179.6999969482422,35.64594268798828,1624.25,15.529999732971191,94.08000183105469,138.4199981689453,0.07468000054359436,11.301987648010254,0.3700000047683716,1752.0447998046875,44.27000045776367,23.979999542236328,27.399999618530273,49.459999084472656,0.0003000000142492354,65.47000122070312,53.27000045776367,29.6299991607666,20.540000915527344,124.69999694824219,280.57000732421875,13.09000015258789,10.619999885559082,4.670000076293945,120.70999908447266,455.25,9.600000381469727,89.4000015258789,267.7900085449219,2.0999999046325684,43.43000030517578,55.939998626708984,13.90999984741211,23.889999389648438,87.52999877929688,4.099999904632568,13.579999923706055,7.739999771118164,127.83000183105469
2023-03-27,3.9000000953674316,84.33000183105469,31.06999969482422,21.239999771118164,27139.888671875,179.80999755859375,36.122283935546875,1647.8199462890625,16.25,95.62000274658203,135.0,0.07289499789476395,11.51054859161377,0.3700000047683716,1715.4608154296875,44.66999816894531,23.0,28.190000534057617,48.63999938964844,0.00019999999494757503,65.83000183105469,53.310001373291016,30.149999618530273,20.65999984741211,128.91000366210938,276.3800048828125,13.1899995803833,10.903332710266113,4.730000019073486,117.80999755859375,458.25,9.649999618530273,88.3499984741211,265.30999755859375,1.9550000429153442,42.27000045776367,56.310001373291016,13.930000305175781,24.3799991607666,86.63999938964844,4.059999942779541,13.739999771118164,8.020000457763672,128.2899932861328
2023-03-28,3.9000000953674316,84.3499984741211,31.079999923706055,21.15999984741211,27268.130859375,177.5800018310547,36.17190170288086,1652.9000244140625,16.75,94.81999969482422,137.17999267578125,0.0738229975104332,11.530410766601562,0.3499999940395355,1772.78564453125,44.61000061035156,23.149999618530273,28.489999771118164,49.18000030517578,0.00019999999494757503,66.29000091552734,53.5,30.6299991607666,20.899999618530273,131.57000732421875,275.2300109863281,13.210000038146973,10.883333206176758,4.650000095367432,117.87000274658203,459.0,9.609999656677246,90.69000244140625,264.1000061035156,1.9299999475479126,41.849998474121094,56.65999984741211,13.920000076293945,24.360000610351562,85.81999969482422,3.9000000953674316,13.869999885559082,8.470000267028809,128.5
2023-03-29,3.9000000953674316,84.54000091552734,31.389999389648438,21.15999984741211,28348.44140625,183.6699981689453,36.668087005615234,1656.719970703125,17.1299991607666,96.87000274658203,138.2100067138672,0.07562699913978577,11.59000015258789,0.36000001430511475,1793.0018310546875,45.2599983215332,22.459999084472656,28.290000915527344,49.34000015258789,0.00019999999494757503,66.48999786376953,55.220001220703125,31.440000534057617,21.0,134.0800018310547,280.510009765625,13.430000305175781,10.903332710266113,4.75,120.48999786376953,461.57000732421875,9.770000457763672,88.37999725341797,269.8399963378906,1.940000057220459,43.0099983215332,57.88999938964844,14.140000343322754,24.8799991607666,87.87000274658203,4.039999961853027,13.920000076293945,8.949999809265137,128.41000366210938
2023-03-30,3.9000000953674316,84.88999938964844,32.029998779296875,21.270000457763672,28033.5625,187.75999450683594,36.86656188964844,1672.1700439453125,17.329999923706055,98.0999984741211,137.11000061035156,0.07424499839544296,11.720000267028809,0.3499999940395355,1792.7371826171875,45.209999084472656,22.5,28.25,49.540000915527344,0.00019999999494757503,66.66000366210938,56.400001525878906,31.81999969482422,21.15999984741211,133.94000244140625,284.04998779296875,13.59000015258789,10.800000190734863,4.699999809265137,120.0999984741211,460.9800109863281,9.630000114440918,88.58999633789062,273.8299865722656,1.9199999570846558,43.11000061035156,59.09000015258789,14.210000038146973,25.440000534057617,89.30999755859375,4.059999942779541,13.859999656677246,8.850000381469727,129.3300018310547
2023-03-31,3.9000000953674316,85.58999633789062,32.720001220703125,21.969999313354492,28478.484375,194.8000030517578,37.62076187133789,1708.2900390625,17.459999084472656,100.12999725341797,141.88999938964844,0.07703500241041183,11.739999771118164,0.36000001430511475,1822.0220947265625,45.689998626708984,23.020000457763672,28.260000228881836,50.939998626708984,0.0003000000142492354,66.95999908447266,58.060001373291016,32.540000915527344,21.6200008392334,134.8300018310547,288.29998779296875,13.9399995803833,10.433333396911621,4.849999904632568,122.63999938964844,461.7200012207031,9.6899995803833,88.44000244140625,277.7699890136719,1.9800000190734863,44.97999954223633,61.310001373291016,14.449999809265137,26.709999084472656,90.6500015258789,4.050000190734863,14.109999656677246,9.0,132.0800018310547
2023-04-03,3.9100000858306885,85.33000183105469,31.979999542236328,22.75,27790.220703125,192.1999969482422,37.71999740600586,1717.72998046875,19.020000457763672,99.76000213623047,147.1699981689453,0.09607899934053421,12.15999984741211,0.33000001311302185,1810.297119140625,45.66999816894531,23.170000076293945,28.190000534057617,50.970001220703125,0.00019999999494757503,67.11000061035156,57.31999969482422,31.690000534057617,21.719999313354492,135.63999938964844,287.2300109863281,13.800000190734863,11.286666870117188,5.0,121.66999816894531,469.19000244140625,9.739999771118164,89.76000213623047,279.6499938964844,1.9600000381469727,46.41999816894531,61.43000030517578,14.5,26.520000457763672,91.33000183105469,3.880000114440918,14.260000228881836,8.8100004196167,133.2100067138672
2023-04-04,3.9149999618530273,85.11000061035156,31.780000686645508,20.829999923706055,28168.08984375,187.86000061035156,37.77000045776367,1734.8399658203125,18.6299991607666,99.56999969482422,143.0399932861328,0.09515900164842606,11.84000015258789,0.3499999940395355,1871.005126953125,45.5099983215332,22.350000381469727,28.0,50.11000061035156,0.00019999999494757503,67.29000091552734,57.4900016784668,31.719999313354492,21.459999084472656,125.81999969482422,287.17999267578125,13.270000457763672,10.869999885559082,4.960000038146973,123.69000244140625,468.1000061035156,10.180000305175781,90.29000091552734,274.5299987792969,1.8899999856948853,46.290000915527344,60.540000915527344,14.399999618530273,26.3700008392334,91.01000213623047,3.430000066757202,14.100000381469727,8.8100004196167,131.60000610351562
2023-04-05,3.9149999618530273,85.37999725341797,31.600000381469727,20.1200008392334,28177.984375,177.8800048828125,37.91999816894531,1697.4200439453125,18.3799991607666,99.91000366210938,139.99000549316406,0.09281700104475021,11.8100004196167,0.3499999940395355,1909.114013671875,45.5,22.06999969482422,27.760000228881836,48.560001373291016,0.00019999999494757503,68.02999877929688,56.689998626708984,31.579999923706055,20.84000015258789,132.7100067138672,284.3399963378906,13.079999923706055,10.814000129699707,4.71999979019165,120.9000015258789,470.9100036621094,9.9399995803833,88.62999725341797,268.80999755859375,1.7300000190734863,45.38999938964844,58.5099983215332,14.345000267028809,25.479999542236328,89.6500015258789,3.190000057220459,14.100000381469727,8.529999732971191,131.94000244140625
2023-04-06,3.9149999618530273,85.22000122070312,31.6200008392334,20.079999923706055,28044.140625,181.44000244140625,37.689998626708984,1685.2099609375,17.780000686645508,99.97000122070312,137.94000244140625,0.08541200309991837,11.789999961853027,0.33000001311302185,1872.922607421875,45.040000915527344,22.399999618530273,27.780000686645508,49.11000061035156,0.00019999999494757503,67.98999786376953,57.02000045776367,31.59000015258789,20.700000762939453,128.67999267578125,291.6000061035156,13.0600004196167,10.920000076293945,4.710000038146973,120.22000122070312,470.3900146484375,10.0,89.76000213623047,270.3699951171875,1.6399999856948853,46.20000076293945,58.2599983215332,14.380000114440918,25.420000076293945,88.16999816894531,3.1500000953674316,13.899999618530273,8.59000015258789,132.10000610351562
2023-04-10,3.9149999618530273,85.4800033569336,31.549999237060547,20.229999542236328,29652.98046875,190.69000244140625,38.22999954223633,1691.56005859375,17.780000686645508,100.80999755859375,137.10000610351562,0.08485200256109238,11.880000114440918,0.3400000035762787,1911.20751953125,45.119998931884766,22.3700008392334,28.8799991607666,49.97999954223633,0.00019999999494757503,67.77999877929688,57.09000015258789,32.16999816894531,21.709999084472656,131.24000549316406,289.3900146484375,13.25,10.850000381469727,4.929999828338623,121.91000366210938,476.5400085449219,10.270000457763672,89.0199966430664,275.7900085449219,1.6100000143051147,46.43000030517578,58.119998931884766,14.399999618530273,26.34000015258789,88.51000213623047,3.4600000381469727,13.789999961853027,9.0600004196167,131.10000610351562
2023-04-11,3.8499999046325684,85.08999633789062,31.84000015258789,20.09000015258789,30235.05859375,195.0399932861328,38.380001068115234,1714.06005859375,18.030000686645508,100.41999816894531,139.07000732421875,0.0842370018362999,11.970000267028809,0.36000001430511475,1892.189697265625,45.119998931884766,22.690000534057617,29.719999313354492,50.65999984741211,0.00019999999494757503,68.37999725341797,56.68000030517578,32.709999084472656,22.510000228881836,132.19000244140625,282.8299865722656,13.529999732971191,10.829999923706055,5.070000171661377,123.30000305175781,468.2699890136719,10.100000381469727,89.0,271.69000244140625,1.7000000476837158,46.060001373291016,59.11000061035156,14.411999702453613,26.719999313354492,88.91000366210938,3.5799999237060547,13.75,9.239999771118164,131.57000732421875
2023-04-12,3.8499999046325684,84.94999694824219,32.119998931884766,19.639999389648438,30139.052734375,184.8699951171875,37.63999938964844,1695.77001953125,18.059999465942383,97.94000244140625,137.67999267578125,0.08343300223350525,12.0,0.3400000035762787,1920.68212890625,43.33000183105469,22.260000228881836,29.440000534057617,50.709999084472656,0.00019999999494757503,68.37000274658203,57.029998779296875,32.2400016784668,22.34000015258789,130.22000122070312,283.489990234375,13.5600004196167,10.892000198364258,4.989999771118164,123.66000366210938,472.7699890136719,10.210000038146973,88.04000091552734,264.95001220703125,1.6799999475479126,45.20000076293945,56.619998931884766,14.34000015258789,25.799999237060547,89.44000244140625,3.2699999809265137,13.670000076293945,9.239999771118164,131.97999572753906
2023-04-13,3.8499999046325684,85.58000183105469,33.52000045776367,19.969999313354492,30399.06640625,181.1699981689453,38.04999923706055,1717.8900146484375,17.850000381469727,100.83999633789062,137.89999389648438,0.08748400211334229,12.220000267028809,0.3700000047683716,2012.6346435546875,42.400001525878906,22.549999237060547,28.170000076293945,49.68000030517578,0.00019999999494757503,67.8499984741211,58.08000183105469,32.209999084472656,22.3799991607666,130.47999572753906,289.8399963378906,13.5600004196167,11.119999885559082,5.210000038146973,126.43000030517578,474.1600036621094,10.199999809265137,90.05999755859375,264.6300048828125,1.7599999904632568,45.70000076293945,58.279998779296875,14.539999961853027,26.360000610351562,90.48999786376953,3.450000047683716,13.710000038146973,9.34000015258789,134.66000366210938
2023-04-14,3.8499999046325684,85.2699966430664,33.4900016784668,19.6299991607666,30485.69921875,177.82000732421875,37.959999084472656,1738.300048828125,17.540000915527344,99.9000015258789,139.44000244140625,0.08878500014543533,12.100000381469727,0.3499999940395355,2101.635498046875,40.939998626708984,22.459999084472656,27.850000381469727,49.20000076293945,0.0003000000142492354,67.0,58.63999938964844,31.670000076293945,22.399999618530273,130.77999877929688,286.1400146484375,13.550000190734863,11.0,5.159999847412109,125.94999694824219,472.57000732421875,10.220000267028809,90.44000244140625,267.5799865722656,1.690000057220459,45.70000076293945,57.09000015258789,14.520000457763672,26.030000686645508,90.86000061035156,3.3299999237060547,13.579999923706055,9.539999961853027,134.8800048828125
2023-04-17,3.7799999713897705,85.5,33.150001525878906,19.56999969482422,29445.044921875,183.22000122070312,38.09000015258789,1775.0,17.700000762939453,100.30000305175781,140.1999969482422,0.09144899994134903,12.199999809265137,0.33000001311302185,2076.242919921875,40.970001220703125,22.280000686645508,28.530000686645508,49.459999084472656,0.00019999999494757503,67.62000274658203,59.310001373291016,32.310001373291016,22.290000915527344,129.3000030517578,288.79998779296875,13.6899995803833,10.996999740600586,5.090000152587891,126.19000244140625,474.7900085449219,10.170000076293945,94.5,270.0199890136719,1.7000000476837158,40.209999084472656,56.099998474121094,14.539999961853027,25.290000915527344,91.1500015258789,3.4700000286102295,13.699999809265137,9.630000114440918,137.10000610351562
2023-04-18,3.9000000953674316,85.55000305175781,32.939998626708984,19.6200008392334,30397.552734375,178.1999969482422,38.27000045776367,1778.4599609375,17.93000030517578,100.93000030517578,142.55999755859375,0.09398899972438812,12.25,0.3199999928474426,2104.537353515625,41.66999816894531,21.610000610351562,28.299999237060547,49.9900016784668,0.00019999999494757503,67.76000213623047,59.31999969482422,32.060001373291016,22.649999618530273,129.05999755859375,288.3699951171875,13.59000015258789,11.199999809265137,4.960000038146973,126.20999908447266,479.4700012207031,10.300000190734863,92.55000305175781,276.6700134277344,1.649999976158142,40.810001373291016,55.72999954223633,14.5600004196167,25.549999237060547,91.30999755859375,3.5299999713897705,13.6899995803833,9.630000114440918,137.5800018310547
2023-04-19,3.9749999046325684,85.5,32.959999084472656,20.25,28822.6796875,180.10000610351562,38.25,1805.0,17.770000457763672,98.75,144.08999633789062,0.08786799758672714,12.670000076293945,0.3100000023841858,1936.4034423828125,41.75,21.309999465942383,28.3799991607666,50.22999954223633,0.00019999999494757503,67.3499984741211,57.279998779296875,32.45000076293945,22.829999923706055,126.38999938964844,288.45001220703125,13.569999694824219,11.210000038146973,4.900000095367432,125.66999816894531,477.07000732421875,10.180000305175781,91.19000244140625,279.30999755859375,1.6699999570846558,41.09000015258789,53.75,14.539999961853027,24.540000915527344,90.97000122070312,3.609999895095825,13.520000457763672,9.720000267028809,137.1199951171875
2023-04-20,3.9749999046325684,85.56999969482422,32.75,20.170000076293945,28245.98828125,172.57000732421875,37.72999954223633,1798.4000244140625,17.729999542236328,98.06999969482422,146.22999572753906,0.08393699675798416,12.619999885559082,0.28999999165534973,1943.09765625,41.7599983215332,20.219999313354492,28.81999969482422,50.709999084472656,0.0003000000142492354,67.23999786376953,56.79999923706055,32.209999084472656,22.6200008392334,125.69000244140625,286.1099853515625,13.520000457763672,10.99899959564209,4.889999866485596,124.44999694824219,474.17999267578125,10.1899995803833,91.31999969482422,271.0400085449219,1.6699999570846558,41.310001373291016,53.08000183105469,14.40999984741211,24.079999923706055,91.37999725341797,3.5799999237060547,13.350000381469727,9.8100004196167,137.5
2023-04-21,3.9749999046325684,85.52999877929688,32.63999938964844,20.209999084472656,27276.91015625,176.7100067138672,37.7400016784668,1800.0,17.5,99.56999969482422,148.91000366210938,0.07847899943590164,12.920000076293945,0.3199999928474426,1849.9998779296875,41.279998779296875,20.489999771118164,28.469999313354492,51.27000045776367,0.0003000000142492354,67.3499984741211,56.970001220703125,32.150001525878906,22.8700008392334,123.52999877929688,285.760009765625,13.529999732971191,11.130000114440918,4.869999885559082,125.52999877929688,471.989990234375,10.34000015258789,90.19999694824219,271.19000244140625,1.690000057220459,40.70000076293945,52.970001220703125,14.430000305175781,23.530000686645508,92.05000305175781,3.509999990463257,13.350000381469727,9.680000305175781,138.3300018310547
2023-04-24,3.9749999046325684,86.08999633789062,32.70000076293945,20.6299991607666,27525.33984375,173.55999755859375,37.209999084472656,1796.969970703125,17.8799991607666,99.68000030517578,149.35000610351562,0.07878399640321732,12.640000343322754,0.30000001192092896,1842.7574462890625,41.369998931884766,19.93000030517578,29.389999389648438,50.970001220703125,0.0003000000142492354,67.62000274658203,57.38999938964844,32.15999984741211,22.690000534057617,126.51000213623047,281.7699890136719,13.449999809265137,11.180000305175781,4.760000228881836,127.08999633789062,470.9200134277344,10.430000305175781,90.27999877929688,270.4200134277344,1.7000000476837158,39.060001373291016,53.2599983215332,14.4399995803833,23.200000762939453,91.55999755859375,3.440000057220459,13.460000038146973,9.899999618530273,138.89999389648438
2023-04-25,3.809999942779541,86.73999786376953,32.5,19.389999389648438,28307.59765625,166.13999938964844,36.900001525878906,1780.0,17.010000228881836,98.01000213623047,145.82000732421875,0.07984700053930283,12.25,0.30000001192092896,1866.753662109375,41.09000015258789,19.0,29.09000015258789,49.380001068115234,0.00019999999494757503,68.55000305175781,55.689998626708984,31.290000915527344,22.209999084472656,123.1500015258789,275.4200134277344,13.300000190734863,11.170000076293945,4.639999866485596,124.66000366210938,465.4700012207031,10.470000267028809,84.55000305175781,262.4100036621094,1.6349999904632568,37.56999969482422,51.56999969482422,14.1899995803833,22.81999969482422,90.76000213623047,3.1600000858306885,13.390000343322754,9.420000076293945,137.80999755859375
2023-04-26,3.809999942779541,76.80999755859375,32.25,18.670000076293945,28422.701171875,166.2899932861328,36.52000045776367,2009.8499755859375,16.350000381469727,96.61000061035156,145.17999267578125,0.07862299680709839,12.229999542236328,0.30000001192092896,1866.564208984375,41.619998931884766,18.649999618530273,29.209999084472656,49.83000183105469,0.00019999999494757503,68.45999908447266,56.290000915527344,30.899999618530273,22.110000610351562,122.52999877929688,295.3699951171875,12.949999809265137,11.140000343322754,4.650000095367432,123.83999633789062,449.0899963378906,10.420000076293945,85.87999725341797,269.55999755859375,1.5700000524520874,35.7599983215332,50.7599983215332,14.119999885559082,23.079999923706055,93.80999755859375,3.190000057220459,13.729999542236328,9.600000381469727,138.00999450683594
2023-04-27,3.809999942779541,77.61000061035156,33.220001220703125,18.610000610351562,29473.787109375,176.08999633789062,40.27000045776367,2036.260009765625,16.100000381469727,99.93000030517578,144.60000610351562,0.08019000291824341,12.40999984741211,0.3100000023841858,1908.786376953125,43.22999954223633,18.940000534057617,29.670000076293945,50.209999084472656,0.00019999999494757503,69.29000091552734,57.31999969482422,29.8799991607666,22.290000915527344,121.43000030517578,304.8299865722656,13.350000381469727,11.239999771118164,4.829999923706055,125.69999694824219,457.67999267578125,10.579999923706055,88.52999877929688,272.260009765625,1.6399999856948853,35.540000915527344,52.84000015258789,14.369999885559082,24.280000686645508,95.08999633789062,3.509999990463257,13.609999656677246,9.729999542236328,139.8000030517578
2023-04-28,3.5899999141693115,77.70999908447266,33.54999923706055,18.940000534057617,29340.26171875,176.6699981689453,41.369998931884766,2067.6201171875,16.799999237060547,102.5,145.00999450683594,0.08036399632692337,12.319999694824219,0.28999999165534973,1892.5128173828125,43.720001220703125,19.290000915527344,29.780000686645508,50.130001068115234,0.00019999999494757503,69.7699966430664,59.459999084472656,30.290000915527344,22.170000076293945,122.0,307.260009765625,13.399999618530273,11.3100004196167,4.940000057220459,126.72000122070312,461.2699890136719,10.5600004196167,89.12999725341797,277.489990234375,1.6699999570846558,35.599998474121094,53.65999984741211,14.489999771118164,24.270000457763672,89.66999816894531,3.640000104904175,13.729999542236328,9.960000038146973,140.5800018310547
2023-05-01,3.5209999084472656,77.43000030517578,33.45000076293945,18.979999542236328,28091.568359375,177.19000244140625,41.63999938964844,2039.280029296875,16.459999084472656,102.20999908447266,141.75999450683594,0.07881999760866165,12.449999809265137,0.2800000011920929,1831.954833984375,43.09000015258789,18.549999237060547,29.65999984741211,49.720001220703125,0.00019999999494757503,70.79000091552734,60.97999954223633,30.59000015258789,21.950000762939453,122.45999908447266,305.55999755859375,13.75,11.244999885559082,4.96999979019165,127.91999816894531,462.7200012207031,10.350000381469727,89.02999877929688,289.1000061035156,1.7599999904632568,36.0,55.09000015258789,14.489999771118164,23.8700008392334,92.19000244140625,3.569999933242798,13.649999618530273,9.869999885559082,142.22999572753906
2023-05-02,3.559999942779541,76.0,32.29999923706055,17.3799991607666,28680.537109375,171.75999450683594,41.20000076293945,2053.9599609375,15.460000038146973,100.5999984741211,142.77999877929688,0.07880599796772003,12.359999656677246,0.27000001072883606,1870.789306640625,41.63999938964844,18.579999923706055,30.56999969482422,50.5,0.00019999999494757503,71.18000030517578,63.33000183105469,29.959999084472656,22.09000015258789,116.97000122070312,305.4100036621094,13.720000267028809,11.130000114440918,4.800000190734863,127.26000213623047,448.80999755859375,10.319999694824219,89.05000305175781,282.1000061035156,1.7799999713897705,34.45000076293945,53.849998474121094,14.300000190734863,23.25,91.36000061035156,3.440000057220459,13.510000228881836,9.899999618530273,142.89999389648438
2023-05-03,3.490000009536743,75.2300033569336,32.369998931884766,17.459999084472656,29006.30859375,168.08999633789062,40.88999938964844,2058.1201171875,15.149999618530273,100.86000061035156,142.55999755859375,0.07971300184726715,12.359999656677246,0.27000001072883606,1904.65185546875,40.880001068115234,18.899999618530273,29.75,50.66999816894531,9.999999747378752e-05,71.52999877929688,62.68000030517578,30.790000915527344,22.270000457763672,110.06999969482422,304.3999938964844,13.670000076293945,11.170000076293945,4.769999980926514,126.73999786376953,443.7099914550781,10.430000305175781,87.98999786376953,278.0199890136719,1.7999999523162842,34.22999954223633,53.58000183105469,14.180000305175781,22.700000762939453,92.80999755859375,3.430000066757202,13.600000381469727,10.180000305175781,137.30999755859375
2023-05-04,3.490000009536743,74.58999633789062,31.18000030517578,17.559999465942383,28847.7109375,162.27000427246094,40.220001220703125,2033.510009765625,15.25,97.44999694824219,140.91000366210938,0.07844900339841843,12.199999809265137,0.30000001192092896,1877.7041015625,40.290000915527344,19.350000381469727,29.31999969482422,53.15999984741211,9.999999747378752e-05,70.37999725341797,63.75,29.290000915527344,22.18000030517578,105.05999755859375,305.4100036621094,13.5600004196167,11.17300033569336,4.699999809265137,123.66999816894531,442.2300109863281,10.470000267028809,88.80999755859375,275.6199951171875,1.8200000524520874,34.47999954223633,52.88999938964844,14.104999542236328,22.18000030517578,92.66999816894531,3.4600000381469727,13.539999961853027,10.140000343322754,136.32000732421875
